kernel,shape,baseline_us,best_us,best_config,improvement_pct,n_failed,error
causal_conv1d,"B=1, D=1536, S=2048, W=4, seed=2146",39.130,27.383,"{""BLOCK_S"": 64, ""BLOCK_D"": 16, ""num_warps"": 4, ""num_stages"": 1}",+30.02,0,
causal_conv1d,"B=1, D=2560, S=2048, W=4, seed=3129",49.472,30.389,"{""BLOCK_S"": 64, ""BLOCK_D"": 16, ""num_warps"": 8, ""num_stages"": 2}",+38.57,0,
causal_conv1d,"B=1, D=2560, S=4096, W=4, seed=54352",64.868,44.782,"{""BLOCK_S"": 64, ""BLOCK_D"": 16, ""num_warps"": 8, ""num_stages"": 3}",+30.96,0,
chunk_fwd_h,"B=1, T=64, H=1, K=64, V=64, seed=31232",26.621,26.621,"{""num_warps"": 8, ""num_stages"": 3}",+0.00,0,
chunk_fwd_h,"B=2, T=512, H=3, K=64, V=64, seed=4052",37.726,36.243,"{""num_warps"": 4, ""num_stages"": 1}",+3.93,0,
chunk_fwd_h,"B=2, T=1024, H=3, K=64, V=64, seed=2146",53.723,53.723,"{""num_warps"": 4, ""num_stages"": 3}",+0.00,0,
chunk_fwd_o,"B=1, T=64, H=1, K=64, V=64, seed=31232",47.347,47.347,"{""BT"": 64, ""BV"": 64, ""num_warps"": 8, ""num_stages"": 2}",+0.00,9,
chunk_fwd_o,"B=2, T=512, H=3, K=64, V=64, seed=4052",63.826,63.826,"{""BT"": 64, ""BV"": 64, ""num_warps"": 16, ""num_stages"": 2}",+0.00,9,
chunk_fwd_o,"B=2, T=1024, H=3, K=64, V=64, seed=2146",65.629,65.629,"{""BT"": 64, ""BV"": 64, ""num_warps"": 16, ""num_stages"": 2}",+0.00,9,
